area_code,area,size,quarter,index_2025,index_qoq_pct,index_yoy_pct,n_rent,n_rent_new,rent_eur_m2,rent_new_eur_m2
049,Espoo-Kauniainen,All,2025Q1,100.1,,,15640.0,2544.0,18.71,18.69
049,Espoo-Kauniainen,All,2025Q2,100.0,-0.1,,15319.0,2254.0,18.7,19.01
049,Espoo-Kauniainen,All,2025Q3,99.9,-0.1,,15375.0,2583.0,18.69,18.87
049,Espoo-Kauniainen,All,2025Q4,100.0,0.0,,15390.0,2114.0,18.67,18.44
049,Espoo-Kauniainen,All,2026Q1,100.0,0.1,-0.1,15608.0,2414.0,18.7,18.51
049,Espoo-Kauniainen,All,2026Q2,100.0,0.0,0.0,16254.0,3316.0,18.82,19.02
049,Espoo-Kauniainen,One-bedroom,2025Q1,100.2,,,6551.0,1086.0,18.14,18.36
049,Espoo-Kauniainen,One-bedroom,2025Q2,100.0,-0.2,,6401.0,1014.0,18.14,18.63
049,Espoo-Kauniainen,One-bedroom,2025Q3,99.9,-0.1,,6339.0,1033.0,18.15,18.57
049,Espoo-Kauniainen,One-bedroom,2025Q4,99.9,0.0,,6436.0,932.0,18.17,18.15
049,Espoo-Kauniainen,One-bedroom,2026Q1,100.0,0.0,-0.2,6500.0,1006.0,18.18,18.25
049,Espoo-Kauniainen,One-bedroom,2026Q2,99.9,-0.1,-0.1,6737.0,1370.0,18.29,18.73
049,Espoo-Kauniainen,Studio,2025Q1,100.1,,,5475.0,995.0,23.79,23.47
049,Espoo-Kauniainen,Studio,2025Q2,100.0,-0.2,,5372.0,868.0,23.74,23.6
049,Espoo-Kauniainen,Studio,2025Q3,99.9,-0.1,,5423.0,1092.0,23.74,23.67
049,Espoo-Kauniainen,Studio,2025Q4,100.0,0.1,,5316.0,796.0,23.74,23.31
049,Espoo-Kauniainen,Studio,2026Q1,100.1,0.1,-0.1,5455.0,963.0,23.73,23.15
049,Espoo-Kauniainen,Studio,2026Q2,100.0,-0.1,0.0,5599.0,1186.0,23.77,23.53
049,Espoo-Kauniainen,Two-bedroom+,2025Q1,100.1,,,3614.0,463.0,16.81,17.11
049,Espoo-Kauniainen,Two-bedroom+,2025Q2,100.0,-0.1,,3546.0,372.0,16.81,17.42
049,Espoo-Kauniainen,Two-bedroom+,2025Q3,99.9,-0.1,,3613.0,458.0,16.81,16.96
049,Espoo-Kauniainen,Two-bedroom+,2025Q4,100.0,0.0,,3638.0,386.0,16.76,16.86
049,Espoo-Kauniainen,Two-bedroom+,2026Q1,100.1,0.1,0.0,3653.0,445.0,16.8,16.88
049,Espoo-Kauniainen,Two-bedroom+,2026Q2,100.2,0.1,0.2,3918.0,760.0,17.06,17.67
049-1,Espoo-Kauniainen 1,All,2025Q1,100.0,,,7328.0,1200.0,19.76,19.71
049-1,Espoo-Kauniainen 1,All,2025Q2,100.0,0.0,,7150.0,1104.0,19.79,20.16
049-1,Espoo-Kauniainen 1,All,2025Q3,99.9,-0.1,,7107.0,1268.0,19.79,19.95
049-1,Espoo-Kauniainen 1,All,2025Q4,100.0,0.1,,7109.0,1000.0,19.8,19.56
049-1,Espoo-Kauniainen 1,All,2026Q1,100.1,0.1,0.0,7295.0,1197.0,19.82,19.75
049-1,Espoo-Kauniainen 1,All,2026Q2,100.1,0.1,0.1,7707.0,1742.0,20.03,20.48
049-1,Espoo-Kauniainen 1,One-bedroom,2025Q1,100.0,,,3041.0,533.0,19.25,19.42
049-1,Espoo-Kauniainen 1,One-bedroom,2025Q2,100.0,0.0,,2962.0,504.0,19.33,19.75
049-1,Espoo-Kauniainen 1,One-bedroom,2025Q3,99.9,-0.1,,2918.0,517.0,19.34,19.6
049-1,Espoo-Kauniainen 1,One-bedroom,2025Q4,100.0,0.1,,2968.0,450.0,19.35,19.36
049-1,Espoo-Kauniainen 1,One-bedroom,2026Q1,100.1,0.1,0.0,3044.0,507.0,19.36,19.37
049-1,Espoo-Kauniainen 1,One-bedroom,2026Q2,100.1,0.0,0.1,3165.0,706.0,19.52,19.95
049-1,Espoo-Kauniainen 1,Studio,2025Q1,100.2,,,2728.0,474.0,25.0,24.6
049-1,Espoo-Kauniainen 1,Studio,2025Q2,100.0,-0.2,,2675.0,446.0,24.98,24.68
049-1,Espoo-Kauniainen 1,Studio,2025Q3,99.9,-0.1,,2667.0,568.0,24.97,24.62
049-1,Espoo-Kauniainen 1,Studio,2025Q4,99.9,0.1,,2613.0,380.0,24.98,24.38
049-1,Espoo-Kauniainen 1,Studio,2026Q1,99.9,0.0,-0.2,2719.0,501.0,24.96,24.46
049-1,Espoo-Kauniainen 1,Studio,2026Q2,99.9,-0.1,-0.1,2841.0,665.0,25.02,24.86
049-1,Espoo-Kauniainen 1,Two-bedroom+,2025Q1,100.0,,,1559.0,193.0,17.77,18.2
049-1,Espoo-Kauniainen 1,Two-bedroom+,2025Q2,100.0,0.0,,1513.0,154.0,17.77,18.62
049-1,Espoo-Kauniainen 1,Two-bedroom+,2025Q3,100.0,0.0,,1522.0,183.0,17.81,17.96
049-1,Espoo-Kauniainen 1,Two-bedroom+,2025Q4,100.1,0.1,,1528.0,170.0,17.81,18.07
049-1,Espoo-Kauniainen 1,Two-bedroom+,2026Q1,100.2,0.1,0.2,1532.0,189.0,17.86,18.17
049-1,Espoo-Kauniainen 1,Two-bedroom+,2026Q2,100.3,0.2,0.4,1701.0,371.0,18.26,19.29
049-2,Espoo-Kauniainen 2,All,2025Q1,100.1,,,3222.0,556.0,18.73,18.73
049-2,Espoo-Kauniainen 2,All,2025Q2,100.0,-0.2,,3204.0,506.0,18.7,18.71
049-2,Espoo-Kauniainen 2,All,2025Q3,99.9,-0.1,,3232.0,557.0,18.71,18.93
049-2,Espoo-Kauniainen 2,All,2025Q4,100.0,0.1,,3234.0,465.0,18.65,18.33
049-2,Espoo-Kauniainen 2,All,2026Q1,100.2,0.2,0.0,3273.0,511.0,18.64,18.19
049-2,Espoo-Kauniainen 2,All,2026Q2,100.2,0.0,0.2,3477.0,753.0,18.66,18.52
049-2,Espoo-Kauniainen 2,One-bedroom,2025Q1,100.2,,,1277.0,220.0,17.92,18.05
049-2,Espoo-Kauniainen 2,One-bedroom,2025Q2,100.0,-0.2,,1255.0,219.0,17.85,18.14
049-2,Espoo-Kauniainen 2,One-bedroom,2025Q3,99.9,-0.2,,1220.0,200.0,17.9,18.04
049-2,Espoo-Kauniainen 2,One-bedroom,2025Q4,99.9,0.1,,1261.0,202.0,17.84,17.59
049-2,Espoo-Kauniainen 2,One-bedroom,2026Q1,99.9,0.0,-0.3,1284.0,218.0,17.77,17.54
049-2,Espoo-Kauniainen 2,One-bedroom,2026Q2,99.8,-0.1,-0.2,1369.0,318.0,17.95,18.4
049-2,Espoo-Kauniainen 2,Studio,2025Q1,100.2,,,1217.0,234.0,23.27,23.09
049-2,Espoo-Kauniainen 2,Studio,2025Q2,99.9,-0.3,,1213.0,204.0,23.19,23.21
049-2,Espoo-Kauniainen 2,Studio,2025Q3,99.9,0.0,,1251.0,266.0,23.18,23.42
049-2,Espoo-Kauniainen 2,Studio,2025Q4,100.1,0.2,,1208.0,194.0,23.22,23.27
049-2,Espoo-Kauniainen 2,Studio,2026Q1,100.3,0.2,0.1,1214.0,206.0,23.27,22.84
049-2,Espoo-Kauniainen 2,Studio,2026Q2,100.3,0.0,0.4,1243.0,253.0,23.26,22.83
049-2,Espoo-Kauniainen 2,Two-bedroom+,2025Q1,100.1,,,728.0,102.0,17.02,17.29
049-2,Espoo-Kauniainen 2,Two-bedroom+,2025Q2,100.0,-0.1,,736.0,83.0,17.06,17.23
049-2,Espoo-Kauniainen 2,Two-bedroom+,2025Q3,100.0,0.0,,761.0,91.0,17.05,17.41
049-2,Espoo-Kauniainen 2,Two-bedroom+,2025Q4,100.0,0.0,,765.0,69.0,17.0,16.63
049-2,Espoo-Kauniainen 2,Two-bedroom+,2026Q1,100.3,0.3,0.2,775.0,87.0,17.04,16.86
049-2,Espoo-Kauniainen 2,Two-bedroom+,2026Q2,100.5,0.2,0.5,865.0,182.0,17.1,17.23
049-3,Espoo-Kauniainen 3,All,2025Q1,100.3,,,5090.0,788.0,17.03,16.76
049-3,Espoo-Kauniainen 3,All,2025Q2,100.0,-0.3,,4965.0,644.0,17.0,16.95
049-3,Espoo-Kauniainen 3,All,2025Q3,99.9,-0.2,,5036.0,758.0,16.98,16.84
049-3,Espoo-Kauniainen 3,All,2025Q4,99.8,0.0,,5047.0,649.0,16.93,16.45
049-3,Espoo-Kauniainen 3,All,2026Q1,99.8,0.0,-0.5,5040.0,706.0,16.95,16.36
049-3,Espoo-Kauniainen 3,All,2026Q2,99.7,-0.1,-0.3,5070.0,821.0,16.93,16.32
049-3,Espoo-Kauniainen 3,One-bedroom,2025Q1,100.3,,,2233.0,333.0,16.45,16.31
049-3,Espoo-Kauniainen 3,One-bedroom,2025Q2,100.0,-0.3,,2184.0,291.0,16.39,16.45
049-3,Espoo-Kauniainen 3,One-bedroom,2025Q3,99.8,-0.2,,2201.0,316.0,16.39,16.75
049-3,Espoo-Kauniainen 3,One-bedroom,2025Q4,99.8,0.0,,2207.0,280.0,16.4,16.13
049-3,Espoo-Kauniainen 3,One-bedroom,2026Q1,99.8,0.0,-0.5,2172.0,281.0,16.42,16.17
049-3,Espoo-Kauniainen 3,One-bedroom,2026Q2,99.7,-0.2,-0.3,2203.0,346.0,16.37,16.06
049-3,Espoo-Kauniainen 3,Studio,2025Q1,100.1,,,1530.0,287.0,22.28,21.92
049-3,Espoo-Kauniainen 3,Studio,2025Q2,100.0,-0.1,,1484.0,218.0,22.25,21.79
049-3,Espoo-Kauniainen 3,Studio,2025Q3,100.0,0.0,,1505.0,258.0,22.31,21.79
049-3,Espoo-Kauniainen 3,Studio,2025Q4,100.0,0.0,,1495.0,222.0,22.23,21.54
049-3,Espoo-Kauniainen 3,Studio,2026Q1,100.1,0.1,0.0,1522.0,256.0,22.21,20.87
049-3,Espoo-Kauniainen 3,Studio,2026Q2,100.0,-0.1,0.0,1515.0,268.0,22.16,21.0
049-3,Espoo-Kauniainen 3,Two-bedroom+,2025Q1,100.4,,,1327.0,168.0,15.23,15.18
049-3,Espoo-Kauniainen 3,Two-bedroom+,2025Q2,100.1,-0.3,,1297.0,135.0,15.21,15.65
049-3,Espoo-Kauniainen 3,Two-bedroom+,2025Q3,99.8,-0.3,,1330.0,184.0,15.17,15.29
049-3,Espoo-Kauniainen 3,Two-bedroom+,2025Q4,99.7,-0.1,,1345.0,147.0,15.06,14.96
049-3,Espoo-Kauniainen 3,Two-bedroom+,2026Q1,99.7,0.0,-0.7,1346.0,169.0,15.06,14.94
049-3,Espoo-Kauniainen 3,Two-bedroom+,2026Q2,99.7,0.0,-0.4,1352.0,207.0,15.08,15.06
091,Helsinki,All,2025Q1,100.1,,,42061.0,7061.0,21.36,21.87
091,Helsinki,All,2025Q2,100.0,-0.1,,40787.0,6044.0,21.37,22.04
091,Helsinki,All,2025Q3,99.9,-0.1,,40884.0,7167.0,21.34,21.99
091,Helsinki,All,2025Q4,100.0,0.0,,42526.0,5790.0,21.2,21.8
091,Helsinki,All,2026Q1,99.9,0.0,-0.2,42829.0,6676.0,21.17,21.61
091,Helsinki,All,2026Q2,99.8,-0.1,-0.2,44509.0,8816.0,21.34,22.04
091,Helsinki,One-bedroom,2025Q1,100.1,,,15407.0,2775.0,20.19,21.06
091,Helsinki,One-bedroom,2025Q2,100.0,-0.1,,14840.0,2310.0,20.15,21.1
091,Helsinki,One-bedroom,2025Q3,99.9,-0.1,,14954.0,2633.0,20.19,21.24
091,Helsinki,One-bedroom,2025Q4,100.0,0.1,,15974.0,2299.0,20.25,20.95
091,Helsinki,One-bedroom,2026Q1,100.0,0.0,-0.1,15999.0,2507.0,20.26,20.9
091,Helsinki,One-bedroom,2026Q2,99.9,-0.1,-0.1,16762.0,3473.0,20.37,21.19
091,Helsinki,Studio,2025Q1,100.1,,,19560.0,3328.0,26.8,26.77
091,Helsinki,Studio,2025Q2,100.0,-0.1,,19016.0,2928.0,26.79,26.87
091,Helsinki,Studio,2025Q3,99.9,-0.1,,18787.0,3568.0,26.77,27.08
091,Helsinki,Studio,2025Q4,100.0,0.1,,19341.0,2749.0,26.77,26.59
091,Helsinki,Studio,2026Q1,100.0,0.0,-0.1,19543.0,3255.0,26.73,26.4
091,Helsinki,Studio,2026Q2,99.8,-0.2,-0.1,19964.0,3853.0,26.71,26.71
091,Helsinki,Two-bedroom+,2025Q1,100.2,,,7094.0,958.0,18.32,19.99
091,Helsinki,Two-bedroom+,2025Q2,100.1,-0.1,,6931.0,806.0,18.35,20.38
091,Helsinki,Two-bedroom+,2025Q3,99.9,-0.1,,7143.0,966.0,18.34,19.79
091,Helsinki,Two-bedroom+,2025Q4,99.8,-0.1,,7211.0,742.0,18.03,20.11
091,Helsinki,Two-bedroom+,2026Q1,99.8,-0.1,-0.4,7287.0,914.0,18.0,19.62
091,Helsinki,Two-bedroom+,2026Q2,99.7,-0.1,-0.4,7783.0,1490.0,18.33,20.26
091-1,Helsinki 1,All,2025Q1,99.9,,,7410.0,1401.0,24.63,24.96
091-1,Helsinki 1,All,2025Q2,99.9,0.0,,7002.0,1114.0,24.74,25.34
091-1,Helsinki 1,All,2025Q3,100.0,0.1,,6918.0,1378.0,24.85,24.96
091-1,Helsinki 1,All,2025Q4,100.2,0.2,,7279.0,1056.0,24.25,24.95
091-1,Helsinki 1,All,2026Q1,100.2,0.0,0.2,7394.0,1211.0,24.03,24.67
091-1,Helsinki 1,All,2026Q2,100.2,0.0,0.2,7673.0,1568.0,24.32,25.24
091-1,Helsinki 1,One-bedroom,2025Q1,99.9,,,2486.0,507.0,23.72,24.96
091-1,Helsinki 1,One-bedroom,2025Q2,99.9,0.0,,2326.0,409.0,23.78,25.08
091-1,Helsinki 1,One-bedroom,2025Q3,100.0,0.1,,2296.0,481.0,24.03,25.02
091-1,Helsinki 1,One-bedroom,2025Q4,100.1,0.1,,2496.0,378.0,23.71,24.79
091-1,Helsinki 1,One-bedroom,2026Q1,100.1,0.0,0.2,2540.0,436.0,23.72,24.61
091-1,Helsinki 1,One-bedroom,2026Q2,100.2,0.1,0.3,2670.0,600.0,23.96,25.14
091-1,Helsinki 1,Studio,2025Q1,100.0,,,4172.0,748.0,28.87,29.25
091-1,Helsinki 1,Studio,2025Q2,99.9,-0.1,,3940.0,567.0,28.91,29.41
091-1,Helsinki 1,Studio,2025Q3,99.9,0.0,,3882.0,748.0,29.0,29.76
091-1,Helsinki 1,Studio,2025Q4,100.2,0.3,,4015.0,553.0,29.02,29.29
091-1,Helsinki 1,Studio,2026Q1,100.2,0.0,0.2,4062.0,639.0,28.92,29.07
091-1,Helsinki 1,Studio,2026Q2,100.1,0.0,0.2,4099.0,721.0,28.99,30.02
091-1,Helsinki 1,Two-bedroom+,2025Q1,99.8,,,752.0,146.0,21.76,23.02
091-1,Helsinki 1,Two-bedroom+,2025Q2,100.0,0.2,,736.0,138.0,21.94,24.05
091-1,Helsinki 1,Two-bedroom+,2025Q3,100.1,0.1,,740.0,149.0,21.97,22.94
091-1,Helsinki 1,Two-bedroom+,2025Q4,100.2,0.1,,768.0,125.0,20.84,23.37
091-1,Helsinki 1,Two-bedroom+,2026Q1,100.2,0.0,0.4,792.0,136.0,20.43,22.91
091-1,Helsinki 1,Two-bedroom+,2026Q2,100.2,0.0,0.2,904.0,247.0,21.17,23.62
091-2,Helsinki 2,All,2025Q1,100.0,,,17484.0,3104.0,22.14,22.34
091-2,Helsinki 2,All,2025Q2,100.0,0.0,,16917.0,2783.0,22.19,22.39
091-2,Helsinki 2,All,2025Q3,100.0,0.0,,16824.0,3257.0,22.25,22.59
091-2,Helsinki 2,All,2025Q4,100.1,0.1,,17835.0,2703.0,22.1,22.24
091-2,Helsinki 2,All,2026Q1,100.1,0.0,0.1,17922.0,3069.0,22.11,22.11
091-2,Helsinki 2,All,2026Q2,100.0,-0.1,0.0,18808.0,4300.0,22.22,22.47
091-2,Helsinki 2,One-bedroom,2025Q1,100.0,,,5651.0,1108.0,20.65,21.37
091-2,Helsinki 2,One-bedroom,2025Q2,100.0,0.0,,5399.0,974.0,20.67,21.41
091-2,Helsinki 2,One-bedroom,2025Q3,99.9,0.0,,5419.0,1085.0,20.8,21.63
091-2,Helsinki 2,One-bedroom,2025Q4,100.1,0.2,,5956.0,983.0,20.9,21.43
091-2,Helsinki 2,One-bedroom,2026Q1,100.2,0.0,0.2,5940.0,1025.0,20.91,21.26
091-2,Helsinki 2,One-bedroom,2026Q2,100.1,0.0,0.2,6392.0,1611.0,21.04,21.65
091-2,Helsinki 2,Studio,2025Q1,100.0,,,9808.0,1721.0,26.9,26.57
091-2,Helsinki 2,Studio,2025Q2,100.0,-0.1,,9538.0,1568.0,26.91,26.88
091-2,Helsinki 2,Studio,2025Q3,99.9,0.0,,9375.0,1900.0,26.89,27.03
091-2,Helsinki 2,Studio,2025Q4,100.1,0.2,,9792.0,1493.0,26.88,26.5
091-2,Helsinki 2,Studio,2026Q1,100.0,-0.1,0.0,9895.0,1785.0,26.82,26.26
091-2,Helsinki 2,Studio,2026Q2,99.8,-0.2,-0.2,10062.0,2092.0,26.73,26.33
091-2,Helsinki 2,Two-bedroom+,2025Q1,99.9,,,2025.0,275.0,18.63,20.14
091-2,Helsinki 2,Two-bedroom+,2025Q2,100.0,0.1,,1980.0,241.0,18.71,20.02
091-2,Helsinki 2,Two-bedroom+,2025Q3,100.0,0.0,,2030.0,272.0,18.88,19.75
091-2,Helsinki 2,Two-bedroom+,2025Q4,100.0,0.0,,2087.0,227.0,18.55,19.83
091-2,Helsinki 2,Two-bedroom+,2026Q1,100.1,0.1,0.2,2087.0,259.0,18.65,19.58
091-2,Helsinki 2,Two-bedroom+,2026Q2,100.2,0.0,0.2,2354.0,597.0,18.97,20.45
091-3,Helsinki 3,All,2025Q1,100.2,,,5369.0,878.0,19.58,19.42
091-3,Helsinki 3,All,2025Q2,100.0,-0.2,,5253.0,759.0,19.64,19.56
091-3,Helsinki 3,All,2025Q3,99.9,-0.1,,5357.0,895.0,19.58,19.53
091-3,Helsinki 3,All,2025Q4,99.9,0.0,,5501.0,749.0,19.41,19.03
091-3,Helsinki 3,All,2026Q1,99.8,0.0,-0.4,5541.0,948.0,19.5,19.46
091-3,Helsinki 3,All,2026Q2,99.8,-0.1,-0.2,5941.0,1252.0,19.74,20.14
091-3,Helsinki 3,One-bedroom,2025Q1,100.1,,,2123.0,383.0,18.56,18.51
091-3,Helsinki 3,One-bedroom,2025Q2,100.0,-0.1,,2042.0,301.0,18.55,18.59
091-3,Helsinki 3,One-bedroom,2025Q3,100.0,0.0,,2093.0,359.0,18.59,18.77
091-3,Helsinki 3,One-bedroom,2025Q4,99.9,0.0,,2233.0,352.0,18.47,18.1
091-3,Helsinki 3,One-bedroom,2026Q1,99.9,-0.1,-0.2,2190.0,380.0,18.52,18.67
091-3,Helsinki 3,One-bedroom,2026Q2,99.8,-0.1,-0.2,2310.0,464.0,18.5,18.55
091-3,Helsinki 3,Studio,2025Q1,100.1,,,2087.0,359.0,26.07,25.25
091-3,Helsinki 3,Studio,2025Q2,100.0,-0.1,,2096.0,353.0,26.09,25.36
091-3,Helsinki 3,Studio,2025Q3,99.9,-0.1,,2076.0,402.0,26.1,25.35
091-3,Helsinki 3,Studio,2025Q4,99.9,0.0,,2070.0,295.0,26.02,25.1
091-3,Helsinki 3,Studio,2026Q1,100.0,0.1,-0.1,2138.0,401.0,26.09,25.14
091-3,Helsinki 3,Studio,2026Q2,99.9,-0.1,-0.1,2357.0,585.0,26.27,26.23
091-3,Helsinki 3,Two-bedroom+,2025Q1,100.4,,,1159.0,136.0,17.27,17.72
091-3,Helsinki 3,Two-bedroom+,2025Q2,100.0,-0.4,,1115.0,105.0,17.32,17.26
091-3,Helsinki 3,Two-bedroom+,2025Q3,99.8,-0.2,,1188.0,134.0,17.27,17.35
091-3,Helsinki 3,Two-bedroom+,2025Q4,99.7,-0.1,,1198.0,102.0,17.1,17.55
091-3,Helsinki 3,Two-bedroom+,2026Q1,99.7,0.0,-0.8,1213.0,167.0,17.18,17.47
091-3,Helsinki 3,Two-bedroom+,2026Q2,99.6,-0.1,-0.5,1274.0,203.0,17.18,17.39
091-4,Helsinki 4,All,2025Q1,100.6,,,11798.0,1678.0,18.24,17.27
091-4,Helsinki 4,All,2025Q2,100.2,-0.4,,11615.0,1388.0,18.19,17.1
091-4,Helsinki 4,All,2025Q3,99.8,-0.4,,11785.0,1637.0,18.09,17.05
091-4,Helsinki 4,All,2025Q4,99.5,-0.3,,11911.0,1282.0,17.94,17.2
091-4,Helsinki 4,All,2026Q1,99.3,-0.2,-1.3,11972.0,1448.0,17.91,16.86
091-4,Helsinki 4,All,2026Q2,99.1,-0.2,-1.1,12087.0,1696.0,17.86,16.84
091-4,Helsinki 4,One-bedroom,2025Q1,100.5,,,5147.0,777.0,17.5,16.75
091-4,Helsinki 4,One-bedroom,2025Q2,100.2,-0.3,,5073.0,626.0,17.46,16.54
091-4,Helsinki 4,One-bedroom,2025Q3,99.7,-0.4,,5146.0,708.0,17.39,16.58
091-4,Helsinki 4,One-bedroom,2025Q4,99.6,-0.2,,5289.0,586.0,17.29,16.68
091-4,Helsinki 4,One-bedroom,2026Q1,99.4,-0.1,-1.1,5329.0,666.0,17.26,16.47
091-4,Helsinki 4,One-bedroom,2026Q2,99.2,-0.2,-1.0,5390.0,798.0,17.2,16.4
091-4,Helsinki 4,Studio,2025Q1,100.4,,,3493.0,500.0,24.12,23.4
091-4,Helsinki 4,Studio,2025Q2,100.1,-0.3,,3442.0,440.0,24.05,23.39
091-4,Helsinki 4,Studio,2025Q3,99.9,-0.2,,3454.0,518.0,24.0,23.17
091-4,Helsinki 4,Studio,2025Q4,99.7,-0.2,,3464.0,408.0,23.91,22.94
091-4,Helsinki 4,Studio,2026Q1,99.6,-0.1,-0.8,3448.0,430.0,23.88,22.73
091-4,Helsinki 4,Studio,2026Q2,99.4,-0.2,-0.6,3446.0,455.0,23.86,22.84
091-4,Helsinki 4,Two-bedroom+,2025Q1,100.8,,,3158.0,401.0,16.15,15.55
091-4,Helsinki 4,Two-bedroom+,2025Q2,100.3,-0.5,,3100.0,322.0,16.08,15.17
091-4,Helsinki 4,Two-bedroom+,2025Q3,99.7,-0.6,,3185.0,411.0,15.97,15.2
091-4,Helsinki 4,Two-bedroom+,2025Q4,99.2,-0.5,,3158.0,288.0,15.78,15.27
091-4,Helsinki 4,Two-bedroom+,2026Q1,98.9,-0.3,-1.9,3195.0,352.0,15.74,15.2
091-4,Helsinki 4,Two-bedroom+,2026Q2,98.6,-0.3,-1.7,3251.0,443.0,15.7,15.35
092,Vantaa,All,2025Q1,100.6,,,16431.0,2632.0,17.94,17.7
092,Vantaa,All,2025Q2,100.2,-0.4,,16441.0,2536.0,17.89,17.96
092,Vantaa,All,2025Q3,99.7,-0.5,,17038.0,2956.0,17.84,17.83
092,Vantaa,All,2025Q4,99.5,-0.3,,17084.0,2443.0,17.71,17.67
092,Vantaa,All,2026Q1,99.3,-0.2,-1.3,17146.0,2717.0,17.69,17.44
092,Vantaa,All,2026Q2,99.0,-0.3,-1.2,17767.0,3317.0,17.8,17.98
092,Vantaa,One-bedroom,2025Q1,100.7,,,7423.0,1171.0,17.22,17.16
092,Vantaa,One-bedroom,2025Q2,100.3,-0.4,,7395.0,1070.0,17.14,17.31
092,Vantaa,One-bedroom,2025Q3,99.7,-0.6,,7722.0,1307.0,17.1,16.86
092,Vantaa,One-bedroom,2025Q4,99.3,-0.4,,7719.0,1055.0,16.97,16.89
092,Vantaa,One-bedroom,2026Q1,99.2,-0.2,-1.5,7738.0,1161.0,16.93,16.67
092,Vantaa,One-bedroom,2026Q2,98.9,-0.3,-1.3,7919.0,1372.0,16.97,16.96
092,Vantaa,Studio,2025Q1,100.2,,,4919.0,1030.0,23.2,22.59
092,Vantaa,Studio,2025Q2,100.1,-0.1,,4972.0,1066.0,23.17,22.68
092,Vantaa,Studio,2025Q3,99.9,-0.2,,5105.0,1212.0,23.17,23.03
092,Vantaa,Studio,2025Q4,99.8,-0.1,,5049.0,990.0,23.1,22.59
092,Vantaa,Studio,2026Q1,99.7,-0.1,-0.5,5081.0,1093.0,23.07,22.06
092,Vantaa,Studio,2026Q2,99.5,-0.2,-0.6,5352.0,1321.0,23.03,22.61
092,Vantaa,Two-bedroom+,2025Q1,100.8,,,4089.0,431.0,15.85,15.18
092,Vantaa,Two-bedroom+,2025Q2,100.3,-0.5,,4074.0,400.0,15.79,15.31
092,Vantaa,Two-bedroom+,2025Q3,99.6,-0.7,,4211.0,437.0,15.72,15.5
092,Vantaa,Two-bedroom+,2025Q4,99.3,-0.3,,4316.0,398.0,15.56,15.3
092,Vantaa,Two-bedroom+,2026Q1,99.1,-0.2,-1.6,4327.0,463.0,15.54,15.32
092,Vantaa,Two-bedroom+,2026Q2,98.8,-0.3,-1.5,4496.0,624.0,15.54,15.4
092-1,Vantaa 1,All,2025Q1,100.4,,,4624.0,883.0,19.18,19.22
092-1,Vantaa 1,All,2025Q2,100.2,-0.2,,4605.0,867.0,19.2,19.62
092-1,Vantaa 1,All,2025Q3,99.8,-0.4,,4960.0,992.0,19.2,19.29
092-1,Vantaa 1,All,2025Q4,99.6,-0.3,,4783.0,805.0,19.11,19.18
092-1,Vantaa 1,All,2026Q1,99.4,-0.2,-1.0,4794.0,876.0,19.08,19.12
092-1,Vantaa 1,All,2026Q2,99.1,-0.3,-1.1,5409.0,1431.0,19.26,19.7
092-1,Vantaa 1,One-bedroom,2025Q1,100.5,,,2223.0,427.0,18.6,18.77
092-1,Vantaa 1,One-bedroom,2025Q2,100.2,-0.2,,2158.0,363.0,18.6,18.68
092-1,Vantaa 1,One-bedroom,2025Q3,99.9,-0.4,,2327.0,440.0,18.64,18.5
092-1,Vantaa 1,One-bedroom,2025Q4,99.4,-0.4,,2245.0,350.0,18.52,18.2
092-1,Vantaa 1,One-bedroom,2026Q1,99.3,-0.2,-1.2,2240.0,374.0,18.46,18.2
092-1,Vantaa 1,One-bedroom,2026Q2,99.0,-0.3,-1.2,2439.0,578.0,18.48,18.4
092-1,Vantaa 1,Studio,2025Q1,100.0,,,1305.0,337.0,23.8,23.47
092-1,Vantaa 1,Studio,2025Q2,100.2,0.2,,1373.0,403.0,23.85,23.83
092-1,Vantaa 1,Studio,2025Q3,100.0,-0.2,,1444.0,425.0,23.86,23.79
092-1,Vantaa 1,Studio,2025Q4,99.9,-0.1,,1386.0,353.0,23.81,23.96
092-1,Vantaa 1,Studio,2026Q1,99.8,-0.1,-0.2,1418.0,390.0,23.77,23.11
092-1,Vantaa 1,Studio,2026Q2,99.6,-0.2,-0.6,1694.0,623.0,23.58,23.4
092-1,Vantaa 1,Two-bedroom+,2025Q1,100.7,,,1096.0,119.0,17.21,16.96
092-1,Vantaa 1,Two-bedroom+,2025Q2,100.2,-0.5,,1074.0,101.0,17.18,17.37
092-1,Vantaa 1,Two-bedroom+,2025Q3,99.7,-0.5,,1189.0,127.0,17.09,17.19
092-1,Vantaa 1,Two-bedroom+,2025Q4,99.5,-0.2,,1152.0,102.0,16.98,16.9
092-1,Vantaa 1,Two-bedroom+,2026Q1,99.3,-0.2,-1.4,1136.0,112.0,16.97,17.1
092-1,Vantaa 1,Two-bedroom+,2026Q2,98.9,-0.3,-1.2,1276.0,230.0,16.91,17.01
092-2,Vantaa 2,All,2025Q1,101.0,,,3425.0,475.0,17.9,18.28
092-2,Vantaa 2,All,2025Q2,100.3,-0.7,,3461.0,467.0,17.79,18.55
092-2,Vantaa 2,All,2025Q3,99.5,-0.8,,3600.0,579.0,17.66,18.0
092-2,Vantaa 2,All,2025Q4,99.2,-0.4,,3525.0,484.0,17.53,18.0
092-2,Vantaa 2,All,2026Q1,99.0,-0.2,-2.0,3535.0,535.0,17.47,17.71
092-2,Vantaa 2,All,2026Q2,98.7,-0.3,-1.6,3521.0,541.0,17.44,17.48
092-2,Vantaa 2,One-bedroom,2025Q1,101.2,,,1652.0,198.0,17.02,17.12
092-2,Vantaa 2,One-bedroom,2025Q2,100.4,-0.8,,1662.0,167.0,16.9,17.51
092-2,Vantaa 2,One-bedroom,2025Q3,99.4,-1.0,,1737.0,241.0,16.79,16.66
092-2,Vantaa 2,One-bedroom,2025Q4,99.0,-0.4,,1706.0,198.0,16.64,16.9
092-2,Vantaa 2,One-bedroom,2026Q1,98.9,-0.1,-2.3,1708.0,211.0,16.62,17.02
092-2,Vantaa 2,One-bedroom,2026Q2,98.7,-0.3,-1.7,1724.0,240.0,16.64,16.69
092-2,Vantaa 2,Studio,2025Q1,100.6,,,1048.0,219.0,23.33,22.52
092-2,Vantaa 2,Studio,2025Q2,100.1,-0.5,,1054.0,240.0,23.3,23.11
092-2,Vantaa 2,Studio,2025Q3,99.8,-0.3,,1082.0,263.0,23.22,23.34
092-2,Vantaa 2,Studio,2025Q4,99.6,-0.2,,1062.0,227.0,23.1,22.5
092-2,Vantaa 2,Studio,2026Q1,99.4,-0.2,-1.2,1047.0,227.0,22.99,21.93
092-2,Vantaa 2,Studio,2026Q2,99.1,-0.3,-0.9,1025.0,213.0,22.9,22.37
092-2,Vantaa 2,Two-bedroom+,2025Q1,101.1,,,725.0,58.0,15.71,16.15
092-2,Vantaa 2,Two-bedroom+,2025Q2,100.4,-0.8,,745.0,60.0,15.63,15.53
092-2,Vantaa 2,Two-bedroom+,2025Q3,99.5,-0.9,,781.0,75.0,15.51,15.49
092-2,Vantaa 2,Two-bedroom+,2025Q4,99.0,-0.5,,757.0,59.0,15.33,15.55
092-2,Vantaa 2,Two-bedroom+,2026Q1,98.7,-0.3,-2.4,780.0,97.0,15.3,15.76
092-2,Vantaa 2,Two-bedroom+,2026Q2,98.3,-0.4,-2.0,772.0,88.0,15.25,15.24
092-3,Vantaa 3,All,2025Q1,100.6,,,8382.0,1274.0,17.0,16.2
092-3,Vantaa 3,All,2025Q2,100.2,-0.4,,8375.0,1202.0,16.94,16.38
092-3,Vantaa 3,All,2025Q3,99.7,-0.5,,8478.0,1385.0,16.81,16.44
092-3,Vantaa 3,All,2025Q4,99.5,-0.2,,8776.0,1154.0,16.71,16.29
092-3,Vantaa 3,All,2026Q1,99.3,-0.1,-1.3,8817.0,1306.0,16.7,16.05
092-3,Vantaa 3,All,2026Q2,99.1,-0.2,-1.1,8837.0,1345.0,16.66,15.95
092-3,Vantaa 3,One-bedroom,2025Q1,100.7,,,3548.0,546.0,16.19,15.58
092-3,Vantaa 3,One-bedroom,2025Q2,100.3,-0.5,,3575.0,540.0,16.1,16.01
092-3,Vantaa 3,One-bedroom,2025Q3,99.7,-0.6,,3658.0,626.0,15.97,15.46
092-3,Vantaa 3,One-bedroom,2025Q4,99.4,-0.3,,3768.0,507.0,15.9,15.71
092-3,Vantaa 3,One-bedroom,2026Q1,99.2,-0.2,-1.5,3790.0,576.0,15.88,15.3
092-3,Vantaa 3,One-bedroom,2026Q2,99.0,-0.2,-1.3,3756.0,554.0,15.84,15.37
092-3,Vantaa 3,Studio,2025Q1,100.3,,,2566.0,474.0,22.66,21.86
092-3,Vantaa 3,Studio,2025Q2,100.1,-0.1,,2545.0,423.0,22.58,21.25
092-3,Vantaa 3,Studio,2025Q3,99.8,-0.3,,2579.0,524.0,22.55,22.17
092-3,Vantaa 3,Studio,2025Q4,99.8,-0.1,,2601.0,410.0,22.5,21.28
092-3,Vantaa 3,Studio,2026Q1,99.7,0.0,-0.5,2616.0,476.0,22.5,21.12
092-3,Vantaa 3,Studio,2026Q2,99.6,-0.1,-0.5,2633.0,485.0,22.45,20.96
092-3,Vantaa 3,Two-bedroom+,2025Q1,100.8,,,2268.0,254.0,14.9,13.77
092-3,Vantaa 3,Two-bedroom+,2025Q2,100.3,-0.4,,2255.0,239.0,14.86,14.05
092-3,Vantaa 3,Two-bedroom+,2025Q3,99.6,-0.7,,2241.0,235.0,14.73,14.04
092-3,Vantaa 3,Two-bedroom+,2025Q4,99.3,-0.3,,2407.0,237.0,14.63,14.17
092-3,Vantaa 3,Two-bedroom+,2026Q1,99.2,-0.2,-1.6,2411.0,254.0,14.62,14.1
092-3,Vantaa 3,Two-bedroom+,2026Q2,98.9,-0.3,-1.4,2448.0,306.0,14.59,13.99
ksu,Koko maa,All,2025Q1,100.0,,,216483.0,30524.0,15.69,16.73
ksu,Koko maa,All,2025Q2,100.0,0.0,,214169.0,29153.0,15.68,16.69
ksu,Koko maa,All,2025Q3,99.9,-0.1,,210690.0,32750.0,15.7,16.79
ksu,Koko maa,All,2025Q4,100.0,0.1,,218366.0,25322.0,15.72,16.63
ksu,Koko maa,All,2026Q1,100.1,0.1,0.1,220657.0,29996.0,15.74,16.54
ksu,Koko maa,All,2026Q2,100.1,0.0,0.1,225032.0,37419.0,15.94,17.26
ksu,Koko maa,One-bedroom,2025Q1,100.1,,,91809.0,13400.0,14.78,16.16
ksu,Koko maa,One-bedroom,2025Q2,100.0,-0.1,,90148.0,12211.0,14.75,15.98
ksu,Koko maa,One-bedroom,2025Q3,99.9,-0.1,,89393.0,13950.0,14.78,16.05
ksu,Koko maa,One-bedroom,2025Q4,100.0,0.1,,93358.0,11274.0,14.87,16.02
ksu,Koko maa,One-bedroom,2026Q1,100.1,0.1,0.0,94151.0,12935.0,14.89,15.93
ksu,Koko maa,One-bedroom,2026Q2,100.1,0.0,0.1,95651.0,15940.0,15.04,16.42
ksu,Koko maa,Studio,2025Q1,99.9,,,92405.0,12815.0,20.22,21.22
ksu,Koko maa,Studio,2025Q2,99.9,0.0,,92327.0,13035.0,20.2,21.07
ksu,Koko maa,Studio,2025Q3,100.0,0.0,,89133.0,14315.0,20.22,21.48
ksu,Koko maa,Studio,2025Q4,100.2,0.2,,92208.0,10464.0,20.27,21.18
ksu,Koko maa,Studio,2026Q1,100.2,0.1,0.3,93482.0,12782.0,20.28,21.0
ksu,Koko maa,Studio,2026Q2,100.2,0.0,0.3,95269.0,15665.0,20.46,21.56
ksu,Koko maa,Two-bedroom+,2025Q1,100.1,,,32269.0,4309.0,13.66,14.88
ksu,Koko maa,Two-bedroom+,2025Q2,100.0,-0.1,,31694.0,3907.0,13.66,14.9
ksu,Koko maa,Two-bedroom+,2025Q3,99.9,-0.1,,32164.0,4485.0,13.71,14.92
ksu,Koko maa,Two-bedroom+,2025Q4,99.9,0.0,,32800.0,3584.0,13.63,14.93
ksu,Koko maa,Two-bedroom+,2026Q1,100.0,0.0,-0.1,33024.0,4279.0,13.67,14.77
ksu,Koko maa,Two-bedroom+,2026Q2,100.0,0.0,-0.1,34112.0,5814.0,13.92,15.65
pks,Pääkaupunkiseutu (PKS),All,2025Q1,100.2,,,74132.0,12237.0,20.11,20.52
pks,Pääkaupunkiseutu (PKS),All,2025Q2,100.0,-0.2,,72547.0,10834.0,20.09,20.7
pks,Pääkaupunkiseutu (PKS),All,2025Q3,99.9,-0.2,,73297.0,12706.0,20.04,20.63
pks,Pääkaupunkiseutu (PKS),All,2025Q4,99.9,0.0,,75000.0,10347.0,19.98,20.37
pks,Pääkaupunkiseutu (PKS),All,2026Q1,99.8,0.0,-0.4,75583.0,11807.0,19.97,20.24
pks,Pääkaupunkiseutu (PKS),All,2026Q2,99.7,-0.1,-0.3,78530.0,15449.0,20.11,20.72
pks,Pääkaupunkiseutu (PKS),One-bedroom,2025Q1,100.2,,,29381.0,5032.0,19.15,19.79
pks,Pääkaupunkiseutu (PKS),One-bedroom,2025Q2,100.0,-0.2,,28636.0,4394.0,19.1,19.83
pks,Pääkaupunkiseutu (PKS),One-bedroom,2025Q3,99.9,-0.2,,29015.0,4973.0,19.1,19.8
pks,Pääkaupunkiseutu (PKS),One-bedroom,2025Q4,99.9,0.0,,30129.0,4286.0,19.16,19.59
pks,Pääkaupunkiseutu (PKS),One-bedroom,2026Q1,99.8,0.0,-0.4,30237.0,4674.0,19.16,19.53
pks,Pääkaupunkiseutu (PKS),One-bedroom,2026Q2,99.7,-0.1,-0.3,31418.0,6215.0,19.27,19.93
pks,Pääkaupunkiseutu (PKS),Studio,2025Q1,100.1,,,29954.0,5353.0,25.66,25.5
pks,Pääkaupunkiseutu (PKS),Studio,2025Q2,100.0,-0.1,,29360.0,4862.0,25.63,25.51
pks,Pääkaupunkiseutu (PKS),Studio,2025Q3,99.9,-0.1,,29315.0,5872.0,25.59,25.76
pks,Pääkaupunkiseutu (PKS),Studio,2025Q4,100.0,0.1,,29706.0,4535.0,25.6,25.27
pks,Pääkaupunkiseutu (PKS),Studio,2026Q1,100.0,0.0,-0.2,30079.0,5311.0,25.56,25.05
pks,Pääkaupunkiseutu (PKS),Studio,2026Q2,99.8,-0.1,-0.2,30915.0,6360.0,25.54,25.36
pks,Pääkaupunkiseutu (PKS),Two-bedroom+,2025Q1,100.3,,,14797.0,1852.0,17.43,18.67
pks,Pääkaupunkiseutu (PKS),Two-bedroom+,2025Q2,100.1,-0.2,,14551.0,1578.0,17.42,19.04
pks,Pääkaupunkiseutu (PKS),Two-bedroom+,2025Q3,99.9,-0.2,,14967.0,1861.0,17.39,18.59
pks,Pääkaupunkiseutu (PKS),Two-bedroom+,2025Q4,99.8,-0.1,,15165.0,1526.0,17.21,18.64
pks,Pääkaupunkiseutu (PKS),Two-bedroom+,2026Q1,99.7,0.0,-0.6,15267.0,1822.0,17.21,18.37
pks,Pääkaupunkiseutu (PKS),Two-bedroom+,2026Q2,99.6,-0.1,-0.4,16197.0,2874.0,17.46,18.97
