,median_qoq_pct
2015Q2,0.73
2015Q3,0.4
2015Q4,0.11
2016Q1,1.6
2016Q2,0.7
2016Q3,0.54
2016Q4,0.05
2017Q1,0.96
2017Q2,0.76
2017Q3,1.87
2017Q4,0.26
2018Q1,-0.66
2018Q2,0.22
2018Q3,0.65
2018Q4,1.48
2019Q1,-0.58
2019Q2,0.48
2019Q3,0.63
2019Q4,1.54
2020Q1,0.59
2020Q2,0.36
2020Q3,0.3
2020Q4,0.24
2021Q1,0.35
2021Q2,0.21
2021Q3,0.23
2021Q4,0.12
2022Q1,0.15
2022Q2,0.4
2022Q3,0.14
2022Q4,0.02
2023Q1,0.11
2023Q2,0.25
2023Q3,0.08
2023Q4,0.08
2024Q1,0.2
2024Q2,0.32
2024Q3,0.18
2024Q4,-0.13
2025Q1,-0.09
2025Q2,0.28
2025Q3,0.77
2025Q4,-1.83
