"model","p","q","P","Q","drift","shift","n_params","AIC","AICc","BIC","ljung_box_p"
"ARIMA(0,1,0)(0,0,0)[4] with drift",0,0,0,0,TRUE,FALSE,1,-7.5,-7.19,-4.07,0.564
"ARIMA(0,1,0)(0,0,1)[4] with drift",0,0,0,1,TRUE,FALSE,2,-6.94,-6.29,-1.8,0.8
"ARIMA(0,1,0)(1,0,0)[4] with drift",0,0,1,0,TRUE,FALSE,2,-6.84,-6.19,-1.7,0.741
"ARIMA(0,1,1)(0,0,0)[4] with drift",0,1,0,0,TRUE,FALSE,2,-5.56,-4.91,-0.42,0.455
"ARIMA(1,1,0)(0,0,0)[4] with drift",1,0,0,0,TRUE,FALSE,2,-5.55,-4.9,-0.41,0.453
"ARIMA(1,1,0)(0,0,1)[4] with drift",1,0,0,1,TRUE,FALSE,3,-4.95,-3.84,1.91,0.694
"ARIMA(0,1,1)(0,0,1)[4] with drift",0,1,0,1,TRUE,FALSE,3,-4.95,-3.84,1.9,0.693
"ARIMA(0,1,0)(1,0,1)[4] with drift",0,0,1,1,TRUE,FALSE,3,-4.95,-3.84,1.91,0.711
"ARIMA(0,1,1)(1,0,0)[4] with drift",0,1,1,0,TRUE,FALSE,3,-4.86,-3.75,2,0.623
"ARIMA(1,1,0)(1,0,0)[4] with drift",1,0,1,0,TRUE,FALSE,3,-4.85,-3.74,2,0.624
"ARIMA(0,1,2)(0,0,0)[4] with drift",0,2,0,0,TRUE,FALSE,3,-3.99,-2.88,2.86,0.541
"ARIMA(1,1,1)(0,0,0)[4] with drift",1,1,0,0,TRUE,FALSE,3,-3.98,-2.87,2.88,0.476
"ARIMA(2,1,0)(0,0,0)[4] with drift",2,0,0,0,TRUE,FALSE,3,-3.91,-2.8,2.94,0.513
"ARIMA(1,1,1)(0,0,1)[4] with drift",1,1,0,1,TRUE,FALSE,4,-3.55,-1.84,5.02,0.748
"ARIMA(1,1,1)(1,0,0)[4] with drift",1,1,1,0,TRUE,FALSE,4,-3.51,-1.79,5.06,0.698
"ARIMA(1,1,1)(0,0,0)[4]",1,1,0,0,FALSE,FALSE,2,-2.25,-1.6,2.89,0.383
"ARIMA(0,1,0)(1,0,0)[4]",0,0,1,0,FALSE,FALSE,1,-1.9,-1.58,1.53,0.763
"ARIMA(0,1,2)(0,0,1)[4] with drift",0,2,0,1,TRUE,FALSE,4,-3.27,-1.56,5.29,0.716
"ARIMA(0,1,2)(1,0,0)[4] with drift",0,2,1,0,TRUE,FALSE,4,-3.21,-1.5,5.35,0.673
"ARIMA(2,1,0)(0,0,1)[4] with drift",2,0,0,1,TRUE,FALSE,4,-3.17,-1.46,5.4,0.678
"ARIMA(2,1,0)(1,0,0)[4] with drift",2,0,1,0,TRUE,FALSE,4,-3.09,-1.38,5.47,0.624
"ARIMA(2,1,2)(0,0,0)[4] with drift",2,2,0,0,TRUE,FALSE,5,-3.74,-1.27,6.54,0.657
"ARIMA(1,1,0)(1,0,1)[4] with drift",1,0,1,1,TRUE,FALSE,4,-2.96,-1.24,5.61,0.579
"ARIMA(0,1,1)(1,0,1)[4] with drift",0,1,1,1,TRUE,FALSE,4,-2.96,-1.24,5.61,0.578
"ARIMA(2,1,1)(0,0,0)[4] with drift",2,1,0,0,TRUE,FALSE,4,-2.47,-0.76,6.1,0.526
"ARIMA(2,1,2)(0,0,1)[4] with drift",2,2,0,1,TRUE,FALSE,6,-4.05,-0.66,7.94,0.521
"ARIMA(1,1,1)(0,0,1)[4]",1,1,0,1,FALSE,FALSE,3,-1.77,-0.66,5.08,0.688
"ARIMA(1,1,1)(1,0,0)[4]",1,1,1,0,FALSE,FALSE,3,-1.7,-0.59,5.15,0.628
"ARIMA(1,1,2)(0,0,0)[4] with drift",1,2,0,0,TRUE,FALSE,4,-2.26,-0.55,6.31,0.455
"ARIMA(0,1,0)(0,0,1)[4]",0,0,0,1,FALSE,FALSE,1,-0.84,-0.52,2.59,0.871
"ARIMA(1,1,0)(1,0,0)[4]",1,0,1,0,FALSE,FALSE,2,-0.51,0.13,4.63,0.653
"ARIMA(0,1,1)(1,0,0)[4]",0,1,1,0,FALSE,FALSE,2,-0.43,0.22,4.71,0.67
"ARIMA(0,1,0)(1,0,1)[4]",0,0,1,1,FALSE,FALSE,2,-0.43,0.22,4.71,0.461
"ARIMA(2,1,1)(0,0,1)[4] with drift",2,1,0,1,TRUE,FALSE,5,-2.09,0.38,8.19,0.79
"ARIMA(2,1,1)(1,0,0)[4] with drift",2,1,1,0,TRUE,FALSE,5,-2.07,0.4,8.22,0.748
"ARIMA(1,1,2)(0,0,1)[4] with drift",1,2,0,1,TRUE,FALSE,5,-1.92,0.55,8.36,0.75
"ARIMA(1,1,2)(1,0,0)[4] with drift",1,2,1,0,TRUE,FALSE,5,-1.89,0.58,8.4,0.699
"ARIMA(1,1,0)(0,0,1)[4]",1,0,0,1,FALSE,FALSE,2,0.06,0.71,5.2,0.74
"ARIMA(0,1,1)(0,0,1)[4]",0,1,0,1,FALSE,FALSE,2,0.25,0.9,5.39,0.773
"ARIMA(1,1,1)(1,0,1)[4] with drift",1,1,1,1,TRUE,FALSE,5,-1.55,0.92,8.73,0.606
"ARIMA(0,1,2)(1,0,1)[4] with drift",0,2,1,1,TRUE,FALSE,5,-1.28,1.2,9.01,0.581
"ARIMA(2,1,0)(1,0,1)[4] with drift",2,0,1,1,TRUE,FALSE,5,-1.18,1.29,9.1,0.545
"ARIMA(2,1,2)(1,0,0)[4] with drift",2,2,1,0,TRUE,FALSE,6,-2,1.4,10,0.579
"ARIMA(0,1,0)(0,0,0)[4]",0,0,0,0,FALSE,FALSE,0,1.89,1.99,3.61,0.637
"ARIMA(0,1,2)(1,0,0)[4]",0,2,1,0,FALSE,FALSE,3,1.18,2.29,8.03,0.463
"ARIMA(2,1,2)(1,0,1)[4] with drift",2,2,1,1,TRUE,FALSE,7,-2.09,2.41,11.62,0.306
"ARIMA(1,1,0)(0,0,0)[4]",1,0,0,0,FALSE,FALSE,1,2.09,2.41,5.52,0.33
"ARIMA(2,1,0)(1,0,0)[4]",2,0,1,0,FALSE,FALSE,3,1.32,2.44,8.18,0.466
"ARIMA(1,1,0)(1,0,1)[4]",1,0,1,1,FALSE,FALSE,3,1.36,2.47,8.21,0.389
"ARIMA(0,1,1)(1,0,1)[4]",0,1,1,1,FALSE,FALSE,3,1.39,2.5,8.24,0.381
"ARIMA(0,1,2)(0,0,1)[4]",0,2,0,1,FALSE,FALSE,3,1.63,2.74,8.49,0.56
"ARIMA(0,1,1)(0,0,0)[4]",0,1,0,0,FALSE,FALSE,1,2.51,2.83,5.94,0.401
"ARIMA(2,1,0)(0,0,1)[4]",2,0,0,1,FALSE,FALSE,3,1.74,2.85,8.6,0.541
"ARIMA(2,1,1)(1,0,1)[4] with drift",2,1,1,1,TRUE,FALSE,6,-0.1,3.29,11.89,0.63
"ARIMA(2,1,2)(0,0,0)[4]",2,2,0,0,FALSE,FALSE,4,1.69,3.4,10.26,0.17
"ARIMA(1,1,2)(1,0,1)[4] with drift",1,2,1,1,TRUE,FALSE,6,0.07,3.47,12.07,0.583
"ARIMA(2,1,0)(0,0,0)[4]",2,0,0,0,FALSE,FALSE,2,3.41,4.06,8.55,0.138
"ARIMA(0,1,2)(0,0,0)[4]",0,2,0,0,FALSE,FALSE,2,3.54,4.19,8.68,0.219
"ARIMA(2,1,2)(1,0,0)[4]",2,2,1,0,FALSE,FALSE,5,2.14,4.61,12.42,0.422
"ARIMA(1,1,2)(1,0,0)[4]",1,2,1,0,FALSE,FALSE,4,3.07,4.78,11.63,0.358
"ARIMA(0,1,2)(1,0,1)[4]",0,2,1,1,FALSE,FALSE,4,3.14,4.86,11.71,0.269
"ARIMA(2,1,1)(1,0,0)[4]",2,1,1,0,FALSE,FALSE,4,3.24,4.95,11.8,0.348
"ARIMA(2,1,0)(1,0,1)[4]",2,0,1,1,FALSE,FALSE,4,3.28,4.99,11.84,0.26
"ARIMA(1,1,1)(1,0,1)[4]",1,1,1,1,FALSE,FALSE,4,3.33,5.05,11.9,0.267
"ARIMA(2,1,2)(0,0,1)[4]",2,2,0,1,FALSE,FALSE,5,2.66,5.14,12.95,0.578
"ARIMA(1,1,2)(0,0,1)[4]",1,2,0,1,FALSE,FALSE,4,3.57,5.28,12.14,0.434
"ARIMA(2,1,1)(0,0,1)[4]",2,1,0,1,FALSE,FALSE,4,3.69,5.4,12.25,0.414
"ARIMA(1,1,2)(0,0,0)[4]",1,2,0,0,FALSE,FALSE,3,4.53,5.64,11.39,0.309
"ARIMA(2,1,1)(0,0,0)[4]",2,1,0,0,FALSE,FALSE,3,4.94,6.05,11.8,0.148
"ARIMA(1,1,2)(1,0,1)[4]",1,2,1,1,FALSE,FALSE,5,4.73,7.2,15.01,0.161
"ARIMA(2,1,2)(1,0,1)[4]",2,2,1,1,FALSE,FALSE,6,4.13,7.53,16.13,0.23
"ARIMA(2,1,1)(1,0,1)[4]",2,1,1,1,FALSE,FALSE,5,5.14,7.61,15.42,0.138
