"quarter","residual"
"2015Q1",0.0174
"2015Q2",0.041
"2015Q3",0.001
"2015Q4",-0.119
"2016Q1",0.211
"2016Q2",0.121
"2016Q3",0.021
"2016Q4",-0.169
"2017Q1",0.231
"2017Q2",-0.049
"2017Q3",0.881
"2017Q4",0.161
"2018Q1",-0.489
"2018Q2",-0.079
"2018Q3",-0.069
"2018Q4",0.341
"2019Q1",-0.279
"2019Q2",0.021
"2019Q3",0.021
"2019Q4",0.441
"2020Q1",-0.019
"2020Q2",0.051
"2020Q3",-0.069
"2020Q4",-0.019
"2021Q1",-0.249
"2021Q2",-0.009
"2021Q3",-0.029
"2021Q4",-0.059
"2022Q1",-0.209
"2022Q2",0.091
"2022Q3",0.061
"2022Q4",-0.049
"2023Q1",-0.109
"2023Q2",-0.089
"2023Q3",-0.059
"2023Q4",-0.029
"2024Q1",-0.079
"2024Q2",-0.059
"2024Q3",-0.059
"2024Q4",-0.049
"2025Q1",-0.199
"2025Q2",0.001
