"quarter","actual","fitted"
"2015Q1",17.55,17.533
"2015Q2",17.71,17.669
"2015Q3",17.83,17.829
"2015Q4",17.83,17.949
"2016Q1",18.16,17.949
"2016Q2",18.4,18.279
"2016Q3",18.54,18.519
"2016Q4",18.49,18.659
"2017Q1",18.84,18.609
"2017Q2",18.91,18.959
"2017Q3",19.91,19.029
"2017Q4",20.19,20.029
"2018Q1",19.82,20.309
"2018Q2",19.86,19.939
"2018Q3",19.91,19.979
"2018Q4",20.37,20.029
"2019Q1",20.21,20.489
"2019Q2",20.35,20.329
"2019Q3",20.49,20.469
"2019Q4",21.05,20.609
"2020Q1",21.15,21.169
"2020Q2",21.32,21.269
"2020Q3",21.37,21.439
"2020Q4",21.47,21.489
"2021Q1",21.34,21.589
"2021Q2",21.45,21.459
"2021Q3",21.54,21.569
"2021Q4",21.6,21.659
"2022Q1",21.51,21.719
"2022Q2",21.72,21.629
"2022Q3",21.9,21.839
"2022Q4",21.97,22.019
"2023Q1",21.98,22.089
"2023Q2",22.01,22.099
"2023Q3",22.07,22.129
"2023Q4",22.16,22.189
"2024Q1",22.2,22.279
"2024Q2",22.26,22.319
"2024Q3",22.32,22.379
"2024Q4",22.39,22.439
"2025Q1",22.31,22.509
"2025Q2",22.43,22.429
